{"cameraMode":{"drawMode":0,"name":"Shaded","section":"Shading Mode"},"sceneLighting":true,"audioPlay":false,"sceneViewState":{"m_AlwaysRefresh":false,"showFog":true,"showSkybox":true,"showFlares":true,"showImageEffects":true,"showParticleSystems":true,"showVisualEffectGraphs":true,"m_FxEnabled":true},"in2DMode":false,"pivot":{"x":0.003484447719529271,"y":0.0015544891357421876,"z":-0.42361390590667727},"rotation":{"x":-0.7109143733978272,"y":0.001475247903726995,"z":-0.0014904688578099013,"w":-0.7032667398452759},"size":14.558340072631836,"orthographic":false}